City_ID,City,Country,Lat,Lng,Max Temp,Humidity,Cloudiness,Wind Speed,Weather Description
0,Vaini,TO,-21.2,-175.2,76.5,73,100,6.44,overcast clouds
1,Poopo,BO,-18.3667,-66.9667,66.45,5,0,14.58,clear sky
2,Beeville,US,28.4008,-97.7483,50.63,50,100,4.61,overcast clouds
3,Bengkulu,ID,-3.8004,102.2655,74.19,90,98,5.06,overcast clouds
4,Narsaq,GL,60.9167,-46.05,26.82,81,100,1.03,overcast clouds
5,Butaritari,KI,3.0707,172.7902,80.35,79,15,12.91,few clouds
6,Cherskiy,RU,68.75,161.3,-13.59,98,100,8.03,overcast clouds
7,Leningradskiy,RU,69.3833,178.4167,-24.61,97,13,5.64,few clouds
8,Ushtobe,KZ,45.2514,77.9838,43.97,85,100,14.74,overcast clouds
9,Urucara,BR,-2.5364,-57.76,102.65,23,18,5.35,few clouds
10,Yellowknife,CA,62.456,-114.3525,25.32,80,75,11.5,broken clouds
11,Castro,BR,-24.7911,-50.0119,80.69,38,75,1.1,broken clouds
12,Nautanwa,IN,27.4333,83.4167,63.27,69,0,2.04,clear sky
13,Mataura,NZ,-46.1927,168.8643,58.48,95,83,2.71,broken clouds
14,Khatanga,RU,71.9667,102.5,-32.1,100,89,4.38,overcast clouds
15,Steinbach,DE,50.1667,8.5667,44.64,91,100,8.05,light intensity drizzle rain
16,Carnarvon,AU,-24.8667,113.6333,69.51,59,0,17.34,clear sky
17,Geraldton,AU,-28.7667,114.6,55.81,82,0,10.36,clear sky
18,Bambous Virieux,MU,-20.3428,57.7575,75.22,72,0,6.8,clear sky
19,Maraa,BR,-1.8333,-65.3667,86.94,64,100,2.55,overcast clouds
20,Ponta Do Sol,PT,32.6667,-17.1,66.83,60,24,4.65,few clouds
21,Souillac,MU,-20.5167,57.5167,73.56,72,7,6.91,clear sky
22,Nalut,LY,30.3333,10.85,52.81,39,7,7.49,clear sky
23,Saint George,US,37.1041,-113.5841,48.79,33,0,1.99,clear sky
24,Sabang,ID,5.8933,95.3214,81.46,78,100,17.85,overcast clouds
25,Hermanus,ZA,-34.4187,19.2345,61.61,76,1,6.78,clear sky
26,Ushuaia,AR,-54.8,-68.3,53.22,62,75,18.41,broken clouds
27,Hasaki,JP,35.7333,140.8333,54.28,63,100,12.57,overcast clouds
28,Bredasdorp,ZA,-34.5322,20.0403,59.77,75,0,2.82,clear sky
29,Faanui,PF,-16.4833,-151.75,78.26,76,96,18.37,light rain
30,Barrow,US,71.2906,-156.7887,23.02,74,100,16.11,overcast clouds
31,Pevek,RU,69.7008,170.3133,-23.44,96,100,10.63,overcast clouds
32,Turbat,PK,26.0023,63.044,76.21,61,0,1.36,clear sky
33,Najran,SA,17.4924,44.1277,63.25,47,7,4.0,clear sky
34,Avarua,CK,-21.2078,-159.775,75.25,60,75,9.22,broken clouds
35,Nikolskoye,RU,59.7035,30.7861,24.69,97,91,4.03,overcast clouds
36,Tombouctou,ML,20.0,-3.0,77.54,14,4,10.36,clear sky
37,Beringovskiy,RU,63.05,179.3167,-1.86,86,39,21.34,scattered clouds
38,Mpika,ZM,-11.8343,31.4529,70.7,44,29,5.08,scattered clouds
39,Alekseyevka,RU,50.6309,38.6903,30.22,98,100,10.92,snow
40,Cidreira,BR,-30.1811,-50.2056,73.17,74,100,20.96,overcast clouds
41,East London,ZA,-33.0153,27.9116,65.12,76,14,8.81,few clouds
42,Bluff,NZ,-46.6,168.3333,58.8,87,76,7.58,broken clouds
43,Busselton,AU,-33.65,115.3333,49.73,81,0,11.52,clear sky
44,Katsuura,JP,35.1333,140.3,60.71,83,100,3.49,moderate rain
45,Vardo,NO,70.3705,31.1107,35.58,87,100,6.91,overcast clouds
46,Luderitz,NA,-26.6481,15.1594,64.53,72,91,15.5,overcast clouds
47,San Cristobal,VE,7.7669,-72.225,78.98,55,89,3.27,overcast clouds
48,Waingapu,ID,-9.6567,120.2641,80.29,81,100,2.82,overcast clouds
49,Georgetown,MY,5.4112,100.3354,81.23,88,20,0.0,few clouds
50,Tarko-Sale,RU,64.9225,77.785,-16.56,96,100,6.85,overcast clouds
51,Rio Gallegos,AR,-51.6226,-69.2181,64.45,20,75,25.32,broken clouds
52,Sakakah,SA,29.9697,40.2064,60.51,51,0,6.22,clear sky
53,Albany,US,42.6001,-73.9662,32.4,50,56,3.0,broken clouds
54,Atuona,PF,-9.8,-139.0333,77.36,74,6,12.3,clear sky
55,Pyay,MM,18.8167,95.2167,71.55,64,32,5.84,scattered clouds
56,Saskylakh,RU,71.9167,114.0833,-20.18,100,94,1.7,overcast clouds
57,New Norfolk,AU,-42.7826,147.0587,47.91,71,44,4.0,scattered clouds
58,Guerrero Negro,MX,27.9769,-114.0611,69.82,32,4,4.32,clear sky
59,Minatitlan,MX,17.9833,-94.5167,71.69,83,75,23.02,broken clouds
60,Hobart,AU,-42.8794,147.3294,48.25,74,75,12.66,broken clouds
61,Kozhva,RU,65.1073,57.0459,32.74,98,100,10.45,overcast clouds
62,Upernavik,GL,72.7868,-56.1549,13.77,94,100,14.34,overcast clouds
63,Ossora,RU,59.2353,163.0719,12.76,81,15,6.64,few clouds
64,Coolum Beach,AU,-26.5333,153.1,73.35,92,79,4.7,broken clouds
65,Lebu,CL,-37.6167,-73.65,57.97,56,0,25.1,clear sky
66,Marquette,US,46.5333,-87.6335,21.69,61,21,9.31,few clouds
67,Cap Malheureux,MU,-19.9842,57.6142,75.47,69,1,1.99,clear sky
68,Petropavlovsk-Kamchatskiy,RU,53.0452,158.6483,7.39,72,0,8.95,clear sky
69,Daru,PG,-9.0763,143.2092,77.45,90,34,5.53,light rain
70,Dikson,RU,73.5069,80.5464,-19.46,94,19,5.91,few clouds
71,Keskin,TR,39.6731,33.6136,51.73,73,100,4.0,overcast clouds
72,Kosa,RU,59.9445,54.9977,12.78,97,83,3.85,broken clouds
73,San Andres,CO,12.5847,-81.7006,75.22,88,100,5.75,light intensity drizzle
74,Awbari,LY,26.5921,12.7805,64.96,27,0,9.91,clear sky
75,Port Alfred,ZA,-33.5906,26.891,64.18,85,10,9.26,clear sky
76,Longyearbyen,SJ,78.2186,15.6401,35.44,80,75,14.97,light rain
77,La Peca,PE,-5.6111,-78.435,88.54,46,43,5.23,light rain
78,Iqaluit,CA,63.7506,-68.5145,-3.24,98,50,2.8,scattered clouds
79,Gizo,SB,-8.103,156.8419,82.09,70,44,10.65,scattered clouds
80,Chokurdakh,RU,70.6333,147.9167,-32.75,100,94,5.28,overcast clouds
81,Alofi,NU,-19.0595,-169.9187,77.38,80,47,17.67,light rain
82,Kruisfontein,ZA,-34.0033,24.7314,59.88,80,40,1.9,scattered clouds
83,Bermeo,ES,43.4209,-2.7215,53.82,80,100,5.95,overcast clouds
84,Mosquera,CO,4.7059,-74.2302,64.49,82,40,10.36,scattered clouds
85,Clyde River,CA,70.4692,-68.5914,-16.29,85,2,3.2,clear sky
86,Sorland,NO,67.667,12.6934,44.46,57,0,8.7,clear sky
87,Alice Springs,AU,-23.7,133.8833,63.95,55,99,4.61,overcast clouds
88,Arraial Do Cabo,BR,-22.9661,-42.0278,74.93,78,0,8.12,clear sky
89,Dongsheng,CN,39.8161,109.9776,29.46,47,65,5.64,broken clouds
90,Sao Filipe,CV,14.8961,-24.4956,76.98,68,100,16.64,overcast clouds
91,Benalla,AU,-36.55,145.9833,46.85,91,100,14.29,overcast clouds
92,Namibe,AO,-15.1961,12.1522,72.72,75,94,2.24,overcast clouds
93,Severo-Kurilsk,RU,50.6789,156.125,32.22,71,60,4.52,broken clouds
94,Likasi,CD,-10.9814,26.7333,68.41,76,78,3.31,broken clouds
95,Kuala Terengganu,MY,5.3302,103.1408,77.72,85,100,11.41,overcast clouds
96,Bethel,US,41.3712,-73.414,36.01,38,20,13.8,few clouds
97,Gushikawa,JP,26.3544,127.8686,74.43,78,37,12.84,scattered clouds
98,Nouadhibou,MR,20.931,-17.0347,68.22,81,0,23.24,clear sky
99,Rocha,UY,-34.4833,-54.3333,87.64,45,12,12.84,few clouds
100,Rikitea,PF,-23.1203,-134.9692,71.33,72,100,6.78,overcast clouds
101,Saldanha,ZA,-33.0117,17.9442,61.88,82,100,22.79,overcast clouds
102,Chikwawa,MW,-16.0335,34.8009,86.22,54,3,15.37,clear sky
103,Ostrovnoy,RU,68.0531,39.5131,37.44,90,100,12.46,light rain
104,Airai,TL,-8.9266,125.4092,61.41,92,100,2.28,overcast clouds
105,Broome,US,42.2506,-75.833,29.62,66,75,14.97,broken clouds
106,Srednekolymsk,RU,67.45,153.6833,-32.15,100,61,5.1,broken clouds
107,Umba,RU,66.6871,34.3429,22.68,94,60,2.46,broken clouds
108,Oyem,GA,1.5995,11.5793,68.77,96,100,2.77,overcast clouds
109,Boyuibe,BO,-20.4167,-63.2833,98.74,24,57,13.44,broken clouds
110,Bathsheba,BB,13.2167,-59.5167,84.81,70,20,23.02,few clouds
111,Cape Town,ZA,-33.9258,18.4232,65.08,64,0,8.99,clear sky
112,Arlit,NE,18.7369,7.3853,80.17,10,99,7.99,overcast clouds
113,Kapaa,US,22.0752,-159.319,79.12,78,40,18.41,scattered clouds
114,Tvedestrand,NO,58.622,8.9315,31.82,70,81,16.96,broken clouds
115,Urdoma,RU,61.7533,48.5442,20.05,92,100,4.14,overcast clouds
116,Lianzhou,CN,24.7811,112.3825,65.1,92,100,0.49,overcast clouds
117,Mar Del Plata,AR,-38.0023,-57.5575,62.62,96,100,10.0,light rain
118,Mpanda,TZ,-6.3655,31.0409,70.16,77,100,2.53,light rain
119,Port Hardy,CA,50.6996,-127.4199,43.23,68,100,9.24,light rain
120,Talcahuano,CL,-36.7167,-73.1167,67.68,45,0,20.71,clear sky
121,Kirakira,SB,-10.4544,161.9205,80.8,80,28,5.75,scattered clouds
122,Dongying,CN,37.4564,118.4856,55.49,83,100,4.74,overcast clouds
123,Zheshart,RU,62.0731,49.5733,21.74,94,100,5.08,overcast clouds
124,Naron,ES,43.5167,-8.1528,61.03,94,100,3.06,overcast clouds
125,Torbay,CA,47.6666,-52.7314,40.26,86,100,18.41,overcast clouds
126,Pisco,PE,-13.7,-76.2167,68.05,77,33,11.5,haze
127,Cayenne,GF,4.9333,-52.3333,84.24,70,100,14.97,overcast clouds
128,Lavrentiya,RU,65.5833,-171.0,17.73,90,100,13.71,overcast clouds
129,Yar-Sale,RU,66.8333,70.8333,3.47,96,100,15.23,light snow
130,Acarau,BR,-2.8856,-40.12,83.82,66,47,19.46,scattered clouds
131,Saint-Philippe,RE,-21.3585,55.7679,74.79,79,38,10.69,scattered clouds
132,Simao,CN,22.7886,100.9748,58.93,98,12,1.92,few clouds
133,Norman Wells,CA,65.282,-126.8329,21.11,92,92,10.13,overcast clouds
134,Tuktoyaktuk,CA,69.4541,-133.0374,14.65,95,100,5.99,overcast clouds
135,Dunedin,NZ,-45.8742,170.5036,56.8,92,11,1.01,few clouds
136,Kavieng,PG,-2.5744,150.7967,80.98,69,61,11.99,broken clouds
137,Ilulissat,GL,69.2167,-51.1,19.42,68,75,0.0,broken clouds
138,Olafsvik,IS,64.8945,-23.7142,43.32,77,88,14.7,overcast clouds
139,Charcas,MX,23.1333,-101.1167,53.44,81,100,13.65,overcast clouds
140,Binga,ZW,-17.6203,27.3414,83.93,31,6,1.43,clear sky
141,Hilo,US,19.7297,-155.09,75.25,89,75,5.75,broken clouds
142,Saint-Joseph,RE,-21.3667,55.6167,73.78,80,19,5.08,few clouds
143,Punta Arenas,CL,-53.15,-70.9167,55.51,47,40,31.07,scattered clouds
144,Maragogi,BR,-9.0122,-35.2225,80.87,64,87,8.99,overcast clouds
145,Hithadhoo,MV,-0.6,73.0833,80.53,78,4,7.99,clear sky
146,Sur,OM,22.5667,59.5289,76.46,64,0,4.16,clear sky
147,Del Rio,US,29.3627,-100.8968,44.71,71,100,5.75,overcast clouds
148,Vestmanna,FO,62.1564,-7.1664,45.52,81,75,17.27,light rain
149,Rawson,AR,-43.3002,-65.1023,60.73,48,1,14.81,clear sky
150,Cabo San Lucas,MX,22.8909,-109.9124,83.61,65,20,5.75,few clouds
151,Kaitangata,NZ,-46.2817,169.8464,53.67,97,52,2.3,broken clouds
152,Revda,RU,56.801,59.9303,11.28,78,98,7.02,overcast clouds
153,Nerja,ES,36.7585,-3.8873,65.23,61,1,8.95,clear sky
154,Haines Junction,CA,60.7522,-137.5108,27.32,96,100,2.48,overcast clouds
155,Kodiak,US,57.79,-152.4072,38.71,93,100,3.44,overcast clouds
156,Victoria,HK,22.2855,114.1577,75.38,80,24,4.0,few clouds
157,Salalah,OM,17.0151,54.0924,77.09,69,20,3.44,few clouds
158,Jamestown,US,42.097,-79.2353,24.71,76,100,14.0,fog
159,Sumenep,ID,-7.0167,113.8667,78.44,87,100,4.7,overcast clouds
160,Hapur,IN,28.7167,77.7833,63.14,35,0,5.97,clear sky
161,Whithorn,JM,18.2604,-78.0378,82.44,57,80,3.98,broken clouds
162,Gander,CA,48.9682,-54.5906,33.17,69,100,13.0,overcast clouds
163,Ano Mera,GR,37.45,25.4,70.43,76,100,16.51,overcast clouds
164,Greenville,US,35.6127,-77.3663,46.56,31,0,5.75,clear sky
165,Qaqortoq,GL,60.7167,-46.0333,21.02,86,100,1.68,overcast clouds
166,Farafangana,MG,-22.8167,47.8333,76.15,88,100,2.44,light rain
167,Grande Prairie,CA,55.1667,-118.8027,33.03,74,100,1.95,overcast clouds
168,Fort-Shevchenko,KZ,44.5086,50.263,50.32,91,100,3.74,overcast clouds
169,Tomatlan,MX,19.9333,-105.25,89.1,44,98,3.22,overcast clouds
170,Lompoc,US,34.6391,-120.4579,70.7,22,0,3.44,clear sky
171,Aswan,EG,24.0934,32.907,75.15,53,0,9.57,clear sky
172,Barpeta,IN,26.3167,91.0,61.56,74,88,6.2,overcast clouds
173,San Luis,AR,-33.295,-66.3356,65.34,38,80,17.25,broken clouds
174,Progreso,MX,21.2833,-89.6667,81.1,70,67,9.82,broken clouds
175,Tabas,IR,33.5959,56.9244,59.9,35,2,5.14,clear sky
176,Ribeira Grande,PT,38.5167,-28.7,68.4,88,75,16.11,broken clouds
177,Dongkan,CN,33.9997,119.8308,54.61,95,100,3.65,overcast clouds
178,Talnakh,RU,69.4865,88.3972,-7.8,94,100,4.29,overcast clouds
179,Pandan,PH,14.0453,124.1694,79.32,89,100,7.52,overcast clouds
180,Chuy,UY,-33.6971,-53.4616,80.06,59,65,12.82,broken clouds
181,Sunndalsora,NO,62.6754,8.5515,35.31,57,2,6.51,clear sky
182,Kushmurun,KZ,52.4503,64.6311,4.41,95,25,1.36,scattered clouds
183,Homer,US,59.6425,-151.5483,33.69,86,100,0.0,overcast clouds
184,Hobyo,SO,5.3505,48.5268,81.28,75,59,13.04,broken clouds
185,Shasta Lake,US,40.6804,-122.3708,58.35,31,100,2.51,overcast clouds
186,Sampit,ID,-2.5333,112.95,74.26,99,96,1.88,overcast clouds
187,Arani,IN,12.6667,79.2833,68.52,60,93,5.97,overcast clouds
188,Pompeia,BR,-22.1086,-50.1717,91.15,27,34,10.65,scattered clouds
189,Iquique,CL,-20.2208,-70.1431,69.84,67,20,3.15,few clouds
190,Aklavik,CA,68.2191,-135.0107,24.8,93,100,10.36,overcast clouds
191,Rundu,NA,-17.9333,19.7667,84.22,19,3,6.78,clear sky
192,Hambantota,LK,6.1241,81.1185,76.6,87,1,5.41,clear sky
193,Chicaman,GT,15.4,-90.7667,72.72,79,100,4.99,light rain
194,Qaanaaq,GL,77.484,-69.3632,-8.54,58,7,2.17,clear sky
195,Danane,CI,7.2596,-8.155,76.55,67,100,0.94,overcast clouds
196,San Patricio,US,28.017,-97.5169,53.46,64,100,9.66,overcast clouds
197,Port Elizabeth,ZA,-33.918,25.5701,62.1,82,0,4.61,clear sky
198,Concordia,AR,-31.393,-58.0209,93.13,30,100,5.1,light rain
199,Port Blair,IN,11.6667,92.75,79.52,79,78,3.98,broken clouds
200,Karasjok,NO,69.4719,25.5112,3.79,82,0,0.85,clear sky
201,Port-Gentil,GA,-0.7193,8.7815,76.96,88,100,2.3,overcast clouds
202,Santiago Del Estero,AR,-27.7951,-64.2615,94.86,31,71,5.57,broken clouds
203,Uray,RU,60.1247,64.7758,8.11,99,97,4.76,overcast clouds
204,Shache,CN,38.4167,77.2406,40.03,23,15,2.64,few clouds
205,Rafraf,TN,37.1904,10.1837,59.32,53,93,35.86,overcast clouds
206,Belyy,RU,55.8402,32.9419,16.97,96,87,3.53,overcast clouds
207,Tocopilla,CL,-22.092,-70.1979,68.58,68,19,6.31,few clouds
208,Aberdeen,GB,57.1437,-2.0981,38.5,93,66,2.3,fog
209,Codrington,AU,-38.2667,141.9667,44.65,81,84,22.48,light rain
210,Ushumun,RU,52.7833,126.5333,9.72,94,100,9.46,light snow
211,Townsville,AU,-19.25,146.8,79.68,89,100,7.76,overcast clouds
212,Torbat-E Jam,IR,35.244,60.6225,52.36,56,7,8.01,clear sky
213,Flinders,AU,-34.5833,150.8552,65.17,50,99,10.0,overcast clouds
214,Puerto Ayora,EC,-0.7393,-90.3518,76.96,94,100,7.0,overcast clouds
215,Aitape,PG,-3.1374,142.3475,76.28,89,99,4.36,overcast clouds
216,Chancay,PE,-11.5714,-77.2672,67.46,74,100,6.71,overcast clouds
217,Samarai,PG,-10.6167,150.6667,83.16,78,78,13.56,broken clouds
218,Mahebourg,MU,-20.4081,57.7,75.49,78,75,3.44,broken clouds
219,Ancud,CL,-41.8697,-73.8203,56.91,51,1,7.45,clear sky
220,Winnemucca,US,40.973,-117.7357,40.48,29,50,1.28,scattered clouds
221,Uglekamensk,RU,43.2172,133.2303,37.51,95,99,3.78,light rain
222,Bowen,AU,-20.0167,148.2333,79.7,83,95,9.33,overcast clouds
223,Bud,US,39.447,-86.1758,34.68,30,5,7.16,clear sky
224,Kyaiklat,MM,16.4333,95.7333,73.69,70,1,5.73,clear sky
225,Vung Tau,VN,10.346,107.0843,75.87,91,100,9.13,light rain
226,Micheweni,TZ,-4.9667,39.8333,78.94,87,90,6.71,overcast clouds
227,Dalvik,IS,65.9702,-18.5286,44.53,89,54,10.16,broken clouds
228,Surgut,RU,61.25,73.4167,-17.91,75,0,4.47,clear sky
229,Beyneu,KZ,45.3167,55.2,49.6,80,100,10.36,overcast clouds
230,Kokopo,PG,-4.352,152.2633,77.77,80,100,3.36,overcast clouds
231,Jalu,LY,29.0331,21.5482,69.31,24,100,8.68,overcast clouds
232,Yangliuqing,CN,39.1375,116.9997,46.35,82,100,6.13,overcast clouds
233,Urumqi,CN,43.801,87.6005,25.75,100,100,4.47,mist
234,Muroto,JP,33.2833,134.15,66.09,73,100,6.35,overcast clouds
235,Tiksi,RU,71.6872,128.8694,-13.09,100,96,3.47,overcast clouds
236,La Rioja,ES,42.25,-2.5,42.58,79,100,4.21,overcast clouds
237,Touros,BR,-5.1989,-35.4608,81.72,68,94,16.06,overcast clouds
238,Nanortalik,GL,60.1432,-45.2371,28.08,86,100,11.07,overcast clouds
239,Nicoya,CR,10.1483,-85.452,80.02,81,88,10.2,overcast clouds
240,Adrar,MR,20.5022,-10.0711,75.38,12,0,8.12,clear sky
241,Kaeo,NZ,-35.1,173.7833,63.32,96,100,9.89,overcast clouds
242,Atikokan,CA,48.7555,-91.6216,21.13,83,100,8.72,overcast clouds
243,Yulara,AU,-25.2406,130.9889,68.97,27,100,11.92,overcast clouds
244,Hovd,MN,48.0056,91.6419,22.39,60,23,6.02,few clouds
245,Tessalit,ML,20.1986,1.0114,75.67,12,100,8.48,overcast clouds
246,Russell,US,32.3502,-85.1999,45.97,36,0,10.36,clear sky
247,Shelburne,CA,44.0787,-80.2041,20.91,80,38,19.33,scattered clouds
248,Mazsalaca,LV,57.8633,25.0547,18.95,91,64,9.19,broken clouds
249,Sisimiut,GL,66.9395,-53.6735,23.76,91,100,18.86,light snow
250,Puro,PH,12.4841,123.3827,79.16,87,98,7.27,overcast clouds
251,Yerbogachen,RU,61.2767,108.0108,-1.07,87,100,7.56,overcast clouds
252,Amapa,BR,1.0,-52.0,93.94,31,21,5.93,few clouds
253,Siderno,IT,38.2779,16.302,53.33,82,100,7.63,light rain
254,Tuatapere,NZ,-46.1333,167.6833,54.32,94,100,4.47,overcast clouds
255,Grenaa,DK,56.4158,10.8783,32.22,94,100,8.03,overcast clouds
256,Kismayo,SO,-0.3582,42.5454,79.14,83,63,9.24,broken clouds
257,Vanimo,PG,-2.6741,141.3028,77.32,88,70,1.23,broken clouds
258,Aranjuez,ES,40.0311,-3.6025,57.09,88,53,13.89,broken clouds
259,Miandrivazo,MG,-19.5167,45.4667,79.16,79,68,5.91,light rain
260,Alakurtti,RU,66.9672,30.3491,11.46,98,58,0.63,broken clouds
261,Kenai,US,60.5544,-151.2583,37.15,79,100,8.05,overcast clouds
262,Moose Factory,CA,51.2585,-80.6094,10.4,67,100,17.27,overcast clouds
263,Provideniya,RU,64.3833,-173.3,20.95,92,100,11.32,overcast clouds
264,San Quintin,MX,30.4833,-115.95,68.68,27,0,8.66,clear sky
265,Pelym,RU,61.0108,61.9978,7.65,94,28,4.5,scattered clouds
266,Sao Miguel Do Araguaia,BR,-13.275,-50.1628,87.71,45,60,8.28,broken clouds
267,Rabo De Peixe,PT,37.8,-25.5833,65.71,97,75,17.27,broken clouds
268,Huarmey,PE,-10.0681,-78.1522,69.93,73,86,9.19,overcast clouds
269,Dumabato,PH,16.3167,121.7,70.47,97,100,0.69,overcast clouds
270,Jadu,LY,31.953,12.0261,49.42,39,0,7.58,clear sky
271,Bana,CM,5.1481,10.2762,62.64,88,51,0.45,broken clouds
272,Belaya Gora,RU,68.5333,146.4167,-31.34,100,26,0.92,scattered clouds
273,Lata,PT,40.1629,-8.3327,61.07,98,98,5.28,overcast clouds
274,Chernyshevskiy,RU,63.0128,112.4714,-20.34,100,81,2.21,broken clouds
275,Kalmunai,LK,7.4167,81.8167,73.63,87,2,10.42,clear sky
276,Santo Antonio Do Ica,BR,-3.1022,-67.9397,87.33,64,98,0.31,overcast clouds
277,Miri,MY,4.4148,114.0089,80.74,89,40,3.44,scattered clouds
278,Kifri,IQ,34.6959,44.9661,67.14,30,0,5.35,clear sky
279,Bilma,NE,18.6853,12.9164,74.44,16,58,5.97,broken clouds
280,Ahipara,NZ,-35.1667,173.1667,62.51,90,100,10.6,overcast clouds
281,Plainview,US,40.7765,-73.4673,37.96,31,0,14.97,clear sky
282,Hamilton,US,39.1834,-84.5333,34.9,32,0,9.22,clear sky
283,Sudova Vyshnya,UA,49.7889,23.3722,31.35,95,98,2.53,overcast clouds
284,Brae,GB,60.3964,-1.353,44.92,66,100,25.34,overcast clouds
285,Imperia,IT,43.9667,7.7833,50.0,77,28,3.74,scattered clouds
286,Dargaville,NZ,-35.9333,173.8833,61.3,87,100,9.35,moderate rain
287,Vallenar,CL,-28.5708,-70.7581,84.51,32,0,10.85,clear sky
288,Nhulunbuy,AU,-12.2333,136.7667,81.21,83,100,0.0,overcast clouds
289,Grand-Lahou,CI,5.1367,-5.0242,78.35,81,52,5.06,broken clouds
290,Opuwo,NA,-18.0607,13.84,75.72,43,94,6.67,light rain
291,Hirara,JP,24.8,125.2833,75.72,77,100,15.37,overcast clouds
292,Mayo,US,38.8876,-76.5119,39.24,32,0,16.11,clear sky
293,Carsamba,TR,41.1989,36.7219,60.55,67,0,8.05,clear sky
294,Beloha,MG,-25.1667,45.05,70.75,85,100,14.18,moderate rain
295,Karoi,ZW,-16.8099,29.6925,80.47,29,82,5.53,broken clouds
296,Thinadhoo,MV,0.5333,72.9333,80.33,80,2,10.51,clear sky
297,Baykit,RU,61.67,96.37,2.57,98,100,4.12,overcast clouds
298,Cholet,FR,47.1667,-1.0,47.44,89,100,7.27,overcast clouds
299,Tayu,ID,-6.5397,111.0518,77.65,87,91,2.66,overcast clouds
300,Moen,NO,69.1304,18.6123,24.57,56,0,4.47,clear sky
301,Jumla,NP,29.2747,82.1838,41.23,40,4,5.32,clear sky
302,Mapimi,MX,25.8167,-103.85,52.7,63,66,5.64,broken clouds
303,Yuanping,CN,38.7153,112.7575,42.87,60,100,5.19,overcast clouds
304,Vao,NC,-22.6667,167.4833,73.9,78,42,9.24,scattered clouds
305,Riyadh,SA,24.6877,46.7219,64.54,34,7,8.99,clear sky
306,Tiarei,PF,-17.5333,-149.3333,80.62,73,42,14.9,scattered clouds
307,Buchanan,LR,5.8808,-10.0467,77.95,74,99,7.05,overcast clouds
308,Westport,US,41.1415,-73.3579,37.89,32,0,21.85,clear sky
309,Muros,ES,42.7762,-9.0603,61.09,92,100,13.89,overcast clouds
310,Gukovo,RU,48.0531,39.9311,42.66,78,100,11.88,overcast clouds
311,Oranjemund,NA,-28.55,16.4333,61.34,85,66,13.33,broken clouds
312,Kavaratti,IN,10.5669,72.642,80.51,57,61,4.94,broken clouds
313,Meulaboh,ID,4.1363,96.1285,75.42,92,100,6.82,overcast clouds
314,Atar,MR,20.5169,-13.0499,78.08,17,0,10.18,clear sky
315,Svetlyy,RU,54.675,20.1347,28.45,95,100,16.55,light snow
316,Izberbash,RU,42.5696,47.8645,53.65,61,99,7.63,overcast clouds
317,Vestmannaeyjar,IS,63.4427,-20.2734,44.58,76,31,20.92,scattered clouds
318,Port Augusta,AU,-32.5,137.7667,54.95,57,95,13.02,overcast clouds
319,Kostivere,EE,59.427,25.0962,19.58,84,0,9.22,clear sky
320,Codajas,BR,-3.8367,-62.0569,97.57,33,50,3.58,scattered clouds
321,Slavyanka,RU,42.8633,131.3847,44.08,75,100,10.83,moderate rain
322,Korla,CN,41.7597,86.1469,36.07,39,6,3.49,clear sky
323,Coahuayana,MX,18.7333,-103.6833,87.66,55,86,4.74,overcast clouds
324,Ruthin,GB,53.1137,-3.3178,47.25,81,45,10.33,scattered clouds
325,Killybegs,IE,54.6333,-8.45,42.51,68,99,10.49,overcast clouds
326,Novoagansk,RU,61.9449,76.6625,-22.68,99,24,4.9,few clouds
327,Mokhsogollokh,RU,61.4681,128.9203,-26.36,100,43,3.44,scattered clouds
328,Mehamn,NO,71.0357,27.8492,35.55,87,75,5.75,broken clouds
329,Esperance,AU,-33.8667,121.9,55.6,61,99,7.87,overcast clouds
330,Garowe,SO,8.4054,48.4845,74.52,65,12,18.1,few clouds
331,Novyy Urgal,RU,51.0736,132.5642,19.47,90,100,9.37,overcast clouds
332,Labuhan,ID,-6.8844,112.2051,79.39,80,100,8.3,overcast clouds
333,Lakhdenpokhya,RU,61.5198,30.1992,28.56,90,100,7.4,light snow
334,Thompson,CA,55.7435,-97.8558,21.36,86,100,10.36,light snow
335,Klaksvik,FO,62.2266,-6.589,47.32,89,100,32.19,light rain
336,Puerto Madryn,AR,-42.7692,-65.0385,62.58,41,6,17.09,clear sky
337,Manali,IN,13.1667,80.2667,77.09,84,100,15.5,overcast clouds
338,Abnub,EG,27.2696,31.1511,70.39,31,18,7.02,few clouds
339,San Juan,AR,-31.5375,-68.5364,78.96,20,0,21.43,clear sky
340,Asau,RO,46.4333,26.4,33.28,100,100,0.47,overcast clouds
341,Oksfjord,NO,70.2396,22.3479,24.98,41,0,3.94,clear sky
342,Fairbanks,US,64.8378,-147.7164,19.6,87,100,5.75,overcast clouds
343,Tabat,ID,-2.635,115.2274,74.39,98,100,0.89,light rain
344,Kulhudhuffushi,MV,6.6221,73.07,77.09,84,100,5.66,overcast clouds
345,Valenca Do Piaui,BR,-6.4075,-41.7456,95.7,23,55,2.95,broken clouds
346,Catia La Mar,VE,10.6038,-67.0303,88.99,70,40,5.75,scattered clouds
347,Williams Lake,CA,52.1415,-122.1445,24.37,78,75,9.22,broken clouds
348,Constitucion,CL,-35.3333,-72.4167,66.02,48,0,19.62,clear sky
349,Madisonville,US,37.3281,-87.4989,38.95,26,0,1.99,clear sky
350,Berlevag,NO,70.8578,29.0864,35.6,80,75,11.5,broken clouds
351,Vydrino,RU,51.485,104.8461,25.14,54,100,7.7,overcast clouds
352,Pignon,HT,19.3333,-72.1167,85.82,44,0,7.87,clear sky
353,Tiznit,MA,29.5833,-9.5,64.87,45,0,0.36,clear sky
354,Banamba,ML,13.55,-7.45,79.39,21,60,8.3,broken clouds
355,Mabaruma,GY,8.2,-59.7833,82.56,73,38,5.88,scattered clouds
356,Roros,NO,62.5747,11.3842,17.98,87,6,4.92,clear sky
357,Araouane,ML,18.9048,-3.5265,78.85,15,29,10.22,scattered clouds
358,Tasiilaq,GL,65.6145,-37.6368,39.36,85,100,14.47,moderate rain
359,Prestea,GH,5.4327,-2.1428,76.1,91,100,4.52,light rain
360,Calbuco,CL,-41.768,-73.1273,60.01,55,0,16.6,clear sky
361,Gnjilane,XK,42.4604,21.4699,50.14,90,100,6.8,light rain
362,Husavik,IS,66.0449,-17.3389,43.74,77,100,15.28,overcast clouds
363,Caravelas,BR,-17.7125,-39.2481,74.25,89,100,4.14,overcast clouds
364,Pauini,BR,-7.7136,-66.9764,92.73,44,86,4.27,overcast clouds
365,Tarauaca,BR,-8.1614,-70.7656,88.38,56,100,2.68,overcast clouds
366,Mount Gambier,AU,-37.8333,140.7667,43.61,87,100,19.98,overcast clouds
367,Wamba,NG,8.9333,8.6,79.41,29,10,2.08,clear sky
368,Hami,CN,42.8,93.45,34.88,46,97,2.89,overcast clouds
369,Baruun-Urt,MN,46.6806,113.2792,9.36,74,0,7.7,clear sky
370,Turukhansk,RU,65.8167,87.9833,-8.95,92,100,5.57,overcast clouds
371,Kirkwood,US,38.5834,-90.4068,41.59,39,0,11.5,clear sky
372,Puerto Salgar,CO,5.463,-74.6544,88.52,65,20,1.83,few clouds
373,Fernie,CA,49.5,-115.0687,28.49,82,100,3.76,overcast clouds
374,Lorengau,PG,-2.0226,147.2712,81.32,72,94,9.15,overcast clouds
375,Sambava,MG,-14.2667,50.1667,74.17,79,1,5.21,clear sky
376,Mataram,ID,-8.5833,116.1167,79.61,83,100,4.47,overcast clouds
377,Laguna,US,38.421,-121.4238,66.09,45,0,5.75,clear sky
378,Guanica,PR,17.9716,-66.908,87.13,77,14,12.33,few clouds
379,Inhambane,MZ,-23.865,35.3833,74.05,58,71,15.01,broken clouds
380,Dakar,SN,14.6937,-17.4441,81.48,65,0,9.22,clear sky
381,Swellendam,ZA,-34.0226,20.4417,61.72,73,4,5.64,clear sky
382,Vila Franca Do Campo,PT,37.7167,-25.4333,66.61,90,98,13.35,overcast clouds
383,The Valley,AI,18.217,-63.0578,81.82,78,40,14.97,scattered clouds
384,Burnie,AU,-41.0667,145.9167,41.94,86,100,13.38,overcast clouds
385,Manggar,ID,-2.8833,108.2667,78.94,84,98,5.93,overcast clouds
386,Barranca,PE,-10.75,-77.7667,68.49,70,100,8.37,overcast clouds
387,Ferme-Neuve,CA,46.7001,-75.4493,19.4,45,100,13.42,overcast clouds
388,Morondava,MG,-20.2833,44.2833,81.97,72,1,11.52,clear sky
389,Quatre Cocos,MU,-20.2078,57.7625,75.31,73,0,6.15,clear sky
390,Manado,ID,1.487,124.8455,75.97,94,40,1.14,scattered clouds
391,Port Macquarie,AU,-31.4333,152.9167,60.89,52,100,6.42,overcast clouds
392,Puerto Escondido,MX,15.85,-97.0667,86.83,58,20,8.05,few clouds
393,Pacifica,US,37.6138,-122.4869,62.4,46,40,15.01,scattered clouds
394,Desna,UA,50.9273,30.7605,26.85,97,100,11.16,light snow
395,Taltal,CL,-25.4,-70.4833,65.43,71,24,4.27,few clouds
396,Marinhais,PT,39.0473,-8.7024,62.28,91,81,5.61,broken clouds
397,Iseyin,NG,7.9667,3.6,82.72,37,87,1.39,overcast clouds
398,Kargasok,RU,59.0556,80.8572,-13.63,97,75,8.28,broken clouds
399,Changde,CN,29.0464,111.6783,63.16,81,98,4.92,overcast clouds
400,Faridabad,IN,28.4333,77.3167,64.65,24,0,5.26,clear sky
401,Khani,GE,41.9563,42.9566,47.77,63,100,6.17,overcast clouds
402,Angoche,MZ,-16.2325,39.9086,78.8,79,4,12.68,clear sky
403,Bumba,CD,2.1833,22.4667,73.94,83,23,1.61,few clouds
404,Chumikan,RU,54.7183,135.315,22.08,93,100,11.1,overcast clouds
405,Penzance,GB,50.1186,-5.5371,50.68,71,100,12.66,overcast clouds
406,Ulaangom,MN,49.9811,92.0667,9.75,90,83,3.8,broken clouds
407,Vasilyevskiy Mokh,RU,57.0132,35.919,18.05,94,97,2.21,overcast clouds
408,Dawei,MM,14.0833,98.2,73.81,88,75,4.03,broken clouds
409,Koumac,NC,-20.5667,164.2833,75.51,84,2,2.8,clear sky
410,Bolshaya Rechka,RU,51.9503,104.7355,17.87,86,100,6.06,overcast clouds
411,Amga,RU,60.8953,131.9608,-16.15,99,90,2.8,overcast clouds
412,Paamiut,GL,61.994,-49.6678,26.38,85,100,18.34,overcast clouds
413,Dhidhdhoo,MV,6.8833,73.1,77.61,86,94,10.98,light rain
414,Wilmington,US,34.2257,-77.9447,50.0,40,0,10.36,clear sky
415,Antalaha,MG,-14.9003,50.2788,72.88,85,34,4.9,scattered clouds
416,Itarema,BR,-2.9248,-39.9167,83.23,67,58,18.25,broken clouds
417,Ketchikan,US,55.3422,-131.6461,41.29,95,100,3.91,light rain
418,Moorhead,US,46.8739,-96.7676,24.98,70,0,5.75,clear sky
419,Bukama,CD,-9.2,25.85,70.32,85,14,1.66,few clouds
420,Kieta,PG,-6.2167,155.6333,78.19,82,48,2.44,scattered clouds
421,Svetlogorsk,BY,52.6333,29.7333,25.48,96,100,10.96,snow
422,Thyolo,MW,-16.0678,35.1405,73.99,61,30,14.2,scattered clouds
423,Conceicao Do Araguaia,BR,-8.2578,-49.2647,84.7,64,17,3.65,few clouds
424,Pacific Grove,US,36.6177,-121.9166,68.38,41,0,3.44,clear sky
425,Ucluelet,CA,48.9329,-125.5528,45.09,77,100,8.68,overcast clouds
426,Fortuna,US,40.5982,-124.1573,59.94,64,0,5.75,clear sky
427,Nyurba,RU,63.2842,118.3319,-19.73,100,97,3.44,overcast clouds
428,Tateyama,JP,34.9833,139.8667,54.1,87,100,11.32,light rain
429,Ternate,ID,0.8,127.4,80.76,80,100,3.62,overcast clouds
430,Moron,AR,-34.6534,-58.6198,80.01,53,100,14.54,overcast clouds
431,Oistins,BB,13.0667,-59.5333,84.29,70,20,23.02,few clouds
432,Bassila,BJ,9.0081,1.6654,80.53,28,34,3.42,scattered clouds
433,Pitsunda,GE,43.1592,40.3378,60.98,68,100,8.14,overcast clouds
434,Saint-Pierre,RE,-21.3393,55.4781,74.88,73,100,0.0,overcast clouds
435,Mount Isa,AU,-20.7333,139.5,76.77,22,100,10.36,overcast clouds
436,Lappeenranta,FI,61.0587,28.1887,27.79,93,100,6.91,light snow
437,Ust-Ishim,RU,57.6935,71.1665,7.97,99,100,2.19,overcast clouds
438,Altamira,BR,-3.2033,-52.2064,87.89,62,40,6.91,scattered clouds
439,Linhai,CN,28.85,121.1167,64.92,70,89,0.65,overcast clouds
440,Deputatskiy,RU,69.3,139.9,-21.48,91,89,1.5,overcast clouds
441,Wadi Musa,JO,30.3222,35.4793,55.35,57,0,14.09,clear sky
442,Alta,NO,69.9689,23.2717,7.86,78,0,1.14,clear sky
443,Patterson,US,37.4716,-121.1297,56.01,58,3,3.74,clear sky
444,Kahului,US,20.8947,-156.47,79.84,79,20,10.36,few clouds
445,Lao Cai,VN,22.4833,103.95,72.12,97,92,1.48,overcast clouds
446,Berberati,CF,4.2612,15.7922,74.39,51,100,2.84,overcast clouds
447,Yatou,CN,37.15,122.3833,56.17,77,100,4.52,overcast clouds
448,Trairi,BR,-3.2778,-39.2689,83.12,66,58,15.12,broken clouds
449,Vila Velha,BR,-20.3297,-40.2925,78.75,84,0,8.05,clear sky
450,Wakkanai,JP,45.4094,141.6739,47.71,86,100,19.15,moderate rain
451,Harnosand,SE,62.6323,17.9379,30.99,73,94,18.03,overcast clouds
452,Sohag,EG,26.557,31.6948,71.58,25,44,5.39,scattered clouds
453,Anadyr,RU,64.75,177.4833,-12.5,77,0,13.42,clear sky
454,Requena,ES,39.4883,-1.1004,54.52,71,72,9.04,broken clouds
455,Margate,GB,51.3813,1.3862,44.87,88,90,1.99,overcast clouds
456,Isangel,VU,-19.55,169.2667,78.66,82,10,3.69,clear sky
457,Port Moresby,PG,-9.4431,147.1797,74.62,94,40,5.75,scattered clouds
458,Luanda,AO,-8.8368,13.2343,78.12,77,2,10.33,clear sky
459,Ahuimanu,US,21.4447,-157.8378,80.31,71,40,14.97,scattered clouds
460,Zyryanka,RU,65.75,150.85,-31.86,96,31,5.77,scattered clouds
461,Maibong,IN,25.3,93.1667,61.99,76,96,0.98,overcast clouds
462,Baie-Comeau,CA,49.2168,-68.1489,28.08,93,100,0.0,overcast clouds
463,Kolosovka,RU,56.4678,73.611,9.81,96,100,5.95,overcast clouds
464,Poso,ID,-1.3959,120.7524,77.11,86,100,4.0,overcast clouds
465,Naze,JP,28.3667,129.4833,70.72,83,14,3.27,few clouds
466,Carauari,BR,-4.8828,-66.8958,86.79,66,93,2.3,overcast clouds
467,Ventspils,LV,57.3894,21.5606,26.53,93,100,10.36,overcast clouds
468,Taoudenni,ML,22.6783,-3.9836,77.11,10,0,12.19,clear sky
469,Kayerkan,RU,69.3497,87.7602,-8.48,76,99,3.91,overcast clouds
470,Malaryta,BY,51.7905,24.074,29.44,94,100,5.14,overcast clouds
471,Itaituba,BR,-4.2761,-55.9836,93.36,49,20,5.75,few clouds
472,Hofn,IS,64.2539,-15.2082,44.31,83,95,5.32,overcast clouds
473,Borzya,RU,50.3833,116.5167,-7.56,98,29,1.5,scattered clouds
474,Puerto Carreno,CO,6.189,-67.4859,89.85,56,21,9.42,few clouds
475,Shenjiamen,CN,29.9576,122.298,60.91,77,0,4.18,clear sky
476,Normandin,CA,48.8333,-72.5321,26.91,86,99,11.5,overcast clouds
477,Ordynskoye,RU,54.3656,81.8994,9.16,84,100,14.45,overcast clouds
478,Alyangula,AU,-13.8483,136.4192,84.4,69,99,8.48,overcast clouds
479,Havoysund,NO,70.9963,24.6622,35.83,65,0,2.77,clear sky
480,Yueyang,CN,29.3333,113.0919,62.96,75,100,1.99,overcast clouds
481,Toowoomba,AU,-27.55,151.9667,59.25,72,61,1.99,broken clouds
482,Carutapera,BR,-1.195,-46.02,85.3,62,100,9.08,overcast clouds
483,Aden,YE,12.7794,45.0367,79.77,78,63,11.25,broken clouds
484,Christchurch,NZ,-43.5333,172.6333,58.48,91,75,6.91,broken clouds
485,Kloulklubed,PW,7.0419,134.2556,73.9,77,63,6.8,broken clouds
486,Staryy Nadym,RU,65.6118,72.6842,-1.66,92,100,15.7,overcast clouds
487,Mawlaik,MM,23.6333,94.4167,66.31,71,50,1.45,scattered clouds
488,Haimen,CN,23.1935,116.6142,67.89,88,22,14.58,few clouds
489,Lagoa,PT,39.05,-27.9833,64.58,93,100,23.33,light rain
490,Talakan,RU,50.3167,130.3667,9.52,97,82,5.03,broken clouds
491,Hlotse,LS,-28.8718,28.045,60.51,28,39,2.71,scattered clouds
492,Catuday,PH,16.2923,119.8062,78.73,75,100,11.68,overcast clouds
493,Sobolevo,RU,54.4299,31.8996,19.69,92,100,7.72,overcast clouds
494,Koslan,RU,63.4564,48.8989,25.52,96,100,5.95,overcast clouds
495,Aykhal,RU,66.0,111.5,-21.51,100,67,5.68,broken clouds
496,Shingu,JP,33.7333,135.9833,62.42,94,100,12.66,overcast clouds
497,Hit,IQ,33.6416,42.8251,63.9,52,0,10.71,clear sky
498,Mingaora,PK,34.7758,72.3625,51.31,45,0,7.96,clear sky
499,Grindavik,IS,63.8424,-22.4338,41.47,81,40,16.11,scattered clouds
500,Yate,GB,51.5407,-2.4184,48.11,87,76,7.94,broken clouds
501,Huayucachi,PE,-12.1333,-75.2333,70.57,28,100,3.76,overcast clouds
502,Sitka,US,57.0531,-135.33,48.09,71,100,9.22,overcast clouds
503,Hornepayne,CA,49.2138,-84.7705,11.57,56,10,8.28,clear sky
504,Amiens,FR,49.9,2.3,46.26,93,20,11.43,light rain
505,Merrill,US,45.1805,-89.6835,25.9,65,0,8.05,clear sky
506,Banda Aceh,ID,5.5577,95.3222,78.98,81,100,11.95,overcast clouds
507,Santa Engracia,ES,41.9406,-1.3245,54.14,75,100,4.83,overcast clouds
508,Vagur,FO,61.4732,-6.8119,46.99,82,100,24.56,light rain
509,Culebra,PR,18.303,-65.301,86.09,82,5,14.0,clear sky
510,Caldas Da Rainha,PT,39.4033,-9.1384,62.29,95,99,5.99,overcast clouds
511,Popondetta,PG,-8.7537,148.2534,73.36,94,92,2.44,overcast clouds
512,Marzuq,YE,14.4,46.4667,67.77,47,87,1.45,overcast clouds
513,Palmer,US,42.1584,-72.3287,35.62,28,40,17.27,scattered clouds
514,Zabol,AF,32.25,67.25,43.9,46,0,6.89,clear sky
515,Puerto Guzman,CO,0.9703,-76.5858,85.77,67,77,1.54,broken clouds
516,Khandbari,NP,27.3747,87.2039,57.52,69,0,3.83,clear sky
517,Coihaique,CL,-45.5752,-72.0662,59.61,41,20,8.05,few clouds
518,Mizan Teferi,ET,6.9833,35.5833,60.06,93,94,2.44,overcast clouds
519,Portland,US,45.5234,-122.6762,47.77,52,0,5.99,clear sky
520,Saint-Marc,HT,19.1082,-72.6938,84.38,61,7,7.63,clear sky
521,Pangnirtung,CA,66.1451,-65.7125,8.6,40,0,6.91,clear sky
522,Mutoko,ZW,-17.397,32.2268,75.24,45,3,7.52,clear sky
523,Iralaya,HN,15.0,-83.2333,82.58,72,100,9.86,light rain
524,Xixiang,CN,35.1628,112.865,59.13,68,100,5.17,overcast clouds
525,Soe,ID,-9.8607,124.284,67.62,89,100,2.33,overcast clouds
526,Kazachinskoye,RU,57.6953,93.2761,6.19,86,100,8.08,overcast clouds
527,Peace River,CA,56.2501,-117.286,39.51,60,100,0.0,overcast clouds
528,Sawakin,SD,19.1059,37.3321,81.68,71,15,7.16,few clouds
529,Igrim,RU,63.1906,64.4162,12.83,94,100,8.34,overcast clouds
530,Ussel,FR,45.55,2.3167,40.87,96,100,3.87,overcast clouds
531,Naryan-Mar,RU,67.6713,53.087,33.64,96,100,14.88,overcast clouds
532,Abeche,TD,13.8292,20.8324,77.77,13,8,9.26,clear sky
533,Totness,SR,5.8833,-56.3167,80.58,79,100,11.97,overcast clouds
534,Kiunga,PG,-6.1219,141.2906,73.67,100,100,0.63,moderate rain
535,Roma,US,43.2128,-75.4557,31.73,60,100,18.41,overcast clouds
536,Ust-Nera,RU,64.5667,143.2,-12.55,99,100,4.45,overcast clouds
537,Nantucket,US,41.2835,-70.0995,41.09,38,40,18.41,scattered clouds
538,Olinda,BR,-8.0089,-34.8553,82.13,65,40,9.22,scattered clouds
539,Bubaque,GW,11.2833,-15.8333,81.9,39,18,5.59,few clouds
540,Herat,AF,34.5,62.0,51.12,49,0,10.36,clear sky
541,Sinnamary,GF,5.3833,-52.95,83.3,69,100,10.83,overcast clouds
542,Mogadishu,SO,2.0371,45.3438,79.75,79,58,10.71,broken clouds
543,Mandali,IQ,33.7499,45.5541,67.32,32,0,9.24,clear sky
544,Yorkton,CA,51.2167,-102.4677,24.64,58,75,10.36,broken clouds
545,Paducah,US,37.0834,-88.6001,41.59,26,0,0.0,clear sky
546,Santa Marta,CO,11.2408,-74.199,88.9,68,18,11.01,few clouds
547,Monrovia,LR,6.3005,-10.7969,78.82,76,100,7.18,overcast clouds
548,Riwaka,NZ,-41.0833,173.0,63.01,83,100,1.01,overcast clouds
549,Eureka,US,40.8021,-124.1637,60.21,81,94,1.99,overcast clouds
550,Fort Nelson,CA,58.8053,-122.7002,21.94,77,75,0.0,broken clouds
551,Ochsenfurt,DE,49.6643,10.0623,42.44,89,100,14.81,overcast clouds
552,Uyuni,BO,-20.4597,-66.825,66.96,3,0,11.03,clear sky
553,Saint-Augustin,CA,51.226,-58.6502,20.88,82,100,12.62,overcast clouds
554,Mahanoro,MG,-19.9,48.8,74.46,90,98,12.93,overcast clouds
555,Shimoda,JP,34.6667,138.95,56.1,90,100,16.17,light rain
556,Sola,VU,-13.8833,167.55,82.06,74,22,10.22,few clouds
557,Isla Vista,US,34.4133,-119.861,75.99,22,0,4.61,clear sky
558,Buala,SB,-8.145,159.5921,79.97,77,92,8.08,overcast clouds
559,Dudinka,RU,69.4058,86.1778,-7.38,100,81,3.11,broken clouds
560,Umm Kaddadah,SD,13.6017,26.6876,72.7,15,0,11.1,clear sky
561,Sao Joao Da Barra,BR,-21.6403,-41.0511,82.49,74,24,11.88,few clouds
562,Mishelevka,RU,52.8575,103.1719,9.36,95,100,1.1,overcast clouds
563,Moranbah,AU,-22.0016,148.0466,77.63,77,98,9.35,overcast clouds
564,Mookane,BW,-23.688,26.6595,81.52,39,60,17.22,broken clouds
565,Muzhi,RU,65.3667,64.6667,19.35,92,100,13.06,light snow
566,Kununurra,AU,-15.7667,128.7333,78.78,94,100,0.0,overcast clouds
567,Oktyabrskoye,RU,43.0645,44.7417,46.54,81,64,8.95,broken clouds
568,Ampanihy,MG,-24.7,44.75,70.95,84,100,12.73,light rain
569,Galesong,ID,-5.3166,119.3661,75.22,79,100,4.09,overcast clouds
570,Assiniboia,CA,49.6334,-105.9845,31.82,55,100,14.97,overcast clouds
571,Deep River,CA,46.1001,-77.4995,19.94,38,100,13.56,overcast clouds
572,Goderich,CA,43.7501,-81.7165,28.9,58,100,20.71,overcast clouds
573,Newport,GB,51.5877,-2.9984,50.45,79,100,10.58,overcast clouds
574,Antofagasta,CL,-23.65,-70.4,67.28,71,5,9.95,clear sky
575,George Town,MY,5.4112,100.3354,81.23,90,40,3.44,light rain
576,Pedernales,DO,18.0384,-71.744,86.7,52,58,5.68,broken clouds
577,Comodoro Rivadavia,AR,-45.8667,-67.5,60.66,33,0,16.11,clear sky
578,Sucua,EC,-2.4667,-78.1667,79.54,65,75,5.75,light rain
579,Lerwick,GB,60.1545,-1.1494,44.6,67,100,28.23,overcast clouds
580,Shu,KZ,43.5983,73.7614,43.02,88,74,3.36,broken clouds
581,Lufilufi,WS,-13.8745,-171.5986,78.58,79,39,14.05,light rain
582,Obsharovka,RU,53.125,48.8531,33.48,99,100,3.04,overcast clouds
583,Walla Walla,US,46.0646,-118.343,46.45,93,100,3.44,overcast clouds
584,Athabasca,CA,54.7169,-113.2854,36.01,63,100,8.1,overcast clouds
585,Paramaribo,SR,5.8667,-55.1667,84.25,83,40,6.91,scattered clouds
586,Surt,LY,31.2089,16.5887,68.22,38,0,18.92,clear sky
587,Tura,IN,25.5198,90.2201,60.64,76,100,3.62,overcast clouds
588,Kuna,US,43.4918,-116.4201,34.41,53,0,8.05,clear sky
589,Mandalgovi,MN,45.7625,106.2708,19.67,50,0,5.95,clear sky
590,Viedma,AR,-40.8135,-62.9967,68.79,27,23,18.1,few clouds
591,Ambilobe,MG,-13.2,49.05,76.84,80,51,0.2,broken clouds
592,Prince Rupert,CA,54.3161,-130.3201,44.29,90,100,27.63,light rain
593,Tuy Hoa,VN,13.0833,109.3,74.21,96,100,4.7,overcast clouds
594,Ankpa,NG,7.3706,7.6253,79.54,37,20,2.66,few clouds
595,Maxixe,MZ,-23.8597,35.3472,73.09,59,60,13.91,broken clouds
596,Plettenberg Bay,ZA,-34.0527,23.3716,58.95,79,0,3.51,clear sky
597,Ruteng,ID,-8.6136,120.4721,62.1,91,70,0.51,broken clouds
598,San Jose,US,37.3394,-121.895,68.09,46,40,3.44,scattered clouds
599,Morant Bay,JM,17.8815,-76.4093,87.71,67,74,13.51,broken clouds
600,Maceio,BR,-9.6658,-35.7353,83.64,65,20,14.97,few clouds
601,Romitan,UZ,39.9343,64.3814,46.35,100,0,2.3,mist
602,Bayangol,RU,50.6977,103.4656,0.82,95,100,2.06,overcast clouds
603,Zhuhai,CN,22.2769,113.5678,75.85,78,0,6.91,clear sky
604,Corsicana,US,32.0954,-96.4689,51.26,34,0,5.75,clear sky
605,Alexandria,EG,31.2156,29.9553,71.31,59,100,12.66,overcast clouds
606,Shangzhi,CN,45.2167,127.9667,23.38,80,100,4.85,overcast clouds
607,Porto Novo,BJ,6.4965,2.6036,82.22,78,99,9.35,overcast clouds
608,Paramonga,PE,-10.6667,-77.8333,68.72,73,100,8.39,overcast clouds
609,Nelson Bay,AU,-32.7167,152.15,64.0,69,91,5.99,overcast clouds
610,Stornoway,GB,58.2093,-6.3865,42.76,89,75,5.75,light rain
611,Buarcos,PT,40.166,-8.8768,62.67,93,100,11.48,overcast clouds
612,Wesselsbron,ZA,-27.8549,26.3658,69.78,12,14,3.87,few clouds
613,Avera,US,33.194,-82.5271,47.55,31,100,7.05,overcast clouds
614,Chaupal,IN,30.95,77.5833,39.97,60,71,4.12,broken clouds
615,Nambiyur,IN,11.3667,77.3333,74.79,73,100,2.46,overcast clouds
616,Santa Cruz,BO,-17.8,-63.1667,92.66,49,40,19.57,scattered clouds
617,Smirnykh,RU,49.75,142.8333,32.76,95,100,3.4,overcast clouds
618,Udachnyy,RU,66.4167,112.4,-26.54,99,68,3.27,broken clouds
619,Sandwick,GB,60.0,-1.25,44.42,76,75,27.63,light rain
620,Yambio,SS,4.5721,28.3955,72.19,80,66,3.6,broken clouds
621,Praia Da Vitoria,PT,38.7333,-27.0667,70.05,78,75,10.94,broken clouds
622,Lasa,IT,46.6166,10.7002,38.28,71,27,2.55,scattered clouds
623,Torit,SS,4.4133,32.5678,75.36,71,77,2.46,light rain
624,Wahiawa,US,21.5028,-158.0236,77.32,72,84,13.73,broken clouds
625,Rio Grande,BR,-32.035,-52.0986,87.91,65,98,18.41,overcast clouds
626,Parambu,BR,-6.2111,-40.6944,93.07,24,82,5.17,broken clouds
627,Wucheng,CN,29.6008,118.175,56.53,95,0,1.81,clear sky
628,Baglung,NP,28.2719,83.5898,55.74,55,0,6.15,clear sky
629,Beira,MZ,-19.8436,34.8389,78.66,74,99,21.05,overcast clouds
630,Aguilas,ES,37.4063,-1.5829,62.92,58,0,5.12,clear sky
631,Gunjur,GM,13.2019,-16.7339,75.27,73,0,5.75,clear sky
632,Gimli,CA,50.6336,-96.9907,19.42,79,100,6.91,overcast clouds
633,Burns Lake,CA,54.2331,-125.7533,22.42,68,100,3.27,overcast clouds
634,Leshukonskoye,RU,64.8989,45.7622,29.43,97,100,5.73,overcast clouds
635,Sulphur,US,30.2366,-93.3774,57.18,43,0,11.5,clear sky
636,Avanigadda,IN,16.0215,80.9181,73.33,62,100,4.85,light rain
637,Puerto Maldonado,PE,-12.6,-69.1833,95.4,55,40,6.91,scattered clouds
638,Gedo,ET,9.0167,37.45,51.57,60,42,4.45,scattered clouds
639,Vadso,NO,70.0744,29.7487,26.76,86,75,5.75,broken clouds
640,Kudahuvadhoo,MV,2.6708,72.8944,81.72,75,38,15.14,scattered clouds
641,Manokwari,ID,-0.8667,134.0833,77.83,79,95,3.47,overcast clouds
642,La Ronge,CA,55.1001,-105.2842,23.25,54,75,12.66,broken clouds
643,Akwatia,GH,6.0402,-0.8088,75.58,89,99,2.62,light rain
644,Udarnyy,RU,54.3409,42.8611,28.63,97,100,1.97,overcast clouds
645,Grand Gaube,MU,-20.0064,57.6608,75.6,70,2,1.99,clear sky
646,Suntar,RU,62.1444,117.6319,-20.49,100,86,3.2,overcast clouds
647,Bugama,NG,4.7341,6.8635,80.94,77,100,9.98,overcast clouds
648,Boysun,UZ,38.2061,67.1986,44.31,55,2,2.86,clear sky
649,Sterling,US,39.0062,-77.4286,40.55,27,20,20.71,few clouds
650,Iracoubo,GF,5.4802,-53.2011,82.87,70,100,11.34,overcast clouds
651,Tarnogskiy Gorodok,RU,60.4997,43.5761,12.34,89,5,1.23,clear sky
652,Sorong,ID,-0.8833,131.25,77.83,85,100,4.54,overcast clouds
653,Kiama,AU,-34.6833,150.8667,65.37,50,97,15.01,overcast clouds
654,Babayurt,RU,43.6002,46.7789,54.72,75,35,7.54,scattered clouds
655,Kaduna,NG,10.5222,7.4383,77.52,24,15,8.95,few clouds
656,Mazatlan,MX,23.2167,-106.4167,85.96,68,0,12.66,clear sky
657,Sharjah,AE,25.3573,55.4033,82.38,57,0,10.36,clear sky
658,Raton,US,36.9034,-104.4391,48.54,18,0,5.75,clear sky
659,Keti Bandar,PK,24.1447,67.4497,78.37,69,0,7.34,clear sky
660,Pangai,TO,-19.8,-174.35,77.11,78,75,0.0,broken clouds
661,Bozdar,PK,27.1828,68.636,71.55,29,0,7.43,clear sky
662,Warrnambool,AU,-38.3833,142.4833,46.83,78,100,26.89,overcast clouds
663,Nova Olimpia,BR,-14.7972,-57.2881,95.9,36,17,6.13,few clouds
664,Kapit,MY,2.0167,112.9333,73.02,98,100,0.92,overcast clouds
665,Orhei,MD,47.3831,28.8231,34.79,98,100,1.83,overcast clouds
666,Stillwater,US,36.1156,-97.0584,51.12,32,0,11.5,clear sky
667,Permet,AL,40.2336,20.3517,55.9,94,100,6.26,heavy intensity rain
668,Hualmay,PE,-11.0964,-77.6139,68.65,73,88,7.52,overcast clouds
669,Pucallpa,PE,-8.3791,-74.5539,91.44,55,40,9.22,scattered clouds
670,Yaan,NG,7.3833,8.5667,83.25,28,45,2.91,scattered clouds
671,Pareora,NZ,-44.4871,171.2132,59.18,97,43,4.72,scattered clouds
672,Xapuri,BR,-10.6517,-68.5044,93.25,40,90,4.34,overcast clouds
673,Waipawa,NZ,-41.4122,175.5153,61.25,71,4,13.06,clear sky
674,Coracora,PE,-15.0333,-73.7833,65.84,29,50,14.56,scattered clouds
675,Morgan City,US,29.6994,-91.2068,55.99,50,0,13.8,clear sky
676,Bentiu,SS,9.2333,29.8333,77.52,28,10,4.34,clear sky
677,Naliya,IN,23.2667,68.8333,75.85,43,0,5.26,clear sky
678,Bataipora,BR,-22.2953,-53.2711,95.85,26,5,2.3,clear sky
679,Zalantun,CN,48.0,122.7167,13.12,63,0,7.81,clear sky
680,Izhma,RU,65.0083,53.9113,32.77,95,100,9.53,overcast clouds
681,Abu Samrah,SY,35.3029,37.1841,61.34,52,32,4.83,scattered clouds
682,Okhotsk,RU,59.3833,143.3,17.65,94,100,12.53,light snow
683,Te Anau,NZ,-45.4167,167.7167,54.41,90,100,0.85,light rain
684,Urengoy,RU,65.9667,78.3667,-20.25,99,97,6.8,overcast clouds
685,Erenhot,CN,43.6475,111.9767,22.28,38,0,6.2,clear sky
686,Walvis Bay,NA,-22.9575,14.5053,63.55,72,87,6.91,overcast clouds
687,Itacoatiara,BR,-3.1431,-58.4442,97.92,30,43,2.01,scattered clouds
688,Tirumakudal Narsipur,IN,12.21,76.9064,60.73,72,100,1.66,overcast clouds
689,Nemuro,JP,43.3236,145.575,50.63,71,100,19.95,overcast clouds
690,Namatanai,PG,-3.6667,152.4333,80.15,72,100,8.21,overcast clouds
691,Edendale,ZA,-29.6528,30.3147,55.98,93,76,1.34,broken clouds
692,Krasnogorskoye,RU,52.2953,86.1979,4.17,98,87,2.19,overcast clouds
